{"x":2011,"y":1137,"w":369,"h":218,"mapX":2019,"mapY":576,"mapW":415,"mapH":307,"mapVisible":false,"mapDarkMode":true,"mapCenterOnPlayer":true,"mapZoomCache":{"The Feerrott":{"zoom":0.05448643635520519,"panX":214.22872437978205,"panY":114.75191282170184},"Rathe Mountains":{"zoom":0.03487621008122844,"panX":181.16569469511515,"panY":252.98246092133084},"Mountains of Rathe":{"zoom":0.059399924891509956,"panX":118.04654627642704,"panY":219.97412857947592},"West Commonlands":{"zoom":0.06327288765245712,"panX":289.52984682193687,"panY":139.07261963325473},"East Commonlands":{"zoom":0.05409089590765393,"panX":298.6762957162331,"panY":112.37409727660315},"The Nektulos Forest":{"zoom":0.03952768620063245,"panX":209.77294287828838,"panY":148.12899481935005},"Lavastorm Mountains":{"zoom":0.06633358737685946,"panX":298.2648686030429,"panY":202.3689417675784},"Oggok":{"zoom":0.17391304347826086,"panX":224.8695652173913,"panY":272.46956521739133},"Nagafen's Lair":{"zoom":0.1566424322538004,"panX":157.78420356906807,"panY":8.251817580964968},"Kithicor Woods":{"zoom":0.26374859708193044,"panX":127.69416386083053,"panY":154.77553310886645},"Kithicor Forest":{"zoom":0.06045299006029004,"panX":321.176796480365,"panY":171.92797783933517},"Rivervale":{"zoom":0.26374859708193044,"panX":127.69416386083053,"panY":154.77553310886645},"Neriak Foreign Quarter":{"zoom":0.25909592061742004,"panX":158.8627342888644,"panY":95.39691289966925},"Neriak Commons":{"zoom":0.3993541442411195,"panX":-117.37782561894511,"panY":116.73358449946178},"Neriak Third Gate":{"zoom":0.19550748752079866,"panX":-40.74168053244591,"panY":294.2970049916805},"The Hole":{"zoom":0.17078620528833358,"panX":207.09775171850916,"panY":203.37313153946326},"Paineel":{"zoom":0.19474116680361545,"panX":202.6051766639277,"panY":327.885784716516},"The Overthere":{"zoom":0.014937896679819178,"panX":203.7627218692422,"panY":160.86436569069485},"Southern Desert of Ro":{"zoom":0.014937896679819178,"panX":203.7627218692422,"panY":160.86436569069485},"Oasis of Marr":{"zoom":0.04979446539814383,"panX":208.74161969741917,"panY":155.3911514175531},"Timorous Deep":{"zoom":0.011686991869918699,"panX":182.4795630081301,"panY":118.11140243902437},"Toxxulia Forest":{"zoom":0.04486616518385582,"panX":185.93924930314253,"panY":174.37280919470007},"The Ruins of Old Paineel":{"zoom":0.17078620528833358,"panX":207.09775171850916,"panY":203.37313153946326},"Great Divide":{"zoom":0.027418037568545092,"panX":196.69880994049703,"panY":26.772255279430638},"Iceclad Ocean":{"zoom":0.010845860835683754,"panX":136.80992120031402,"panY":135.8048035823326},"Tower of Frozen Shadow":{"zoom":0.7642863159527896,"panX":26.38925710674448,"panY":990.2236541972063},"South Kaladim":{"zoom":0.36349693251533743,"panX":217.615736196319,"panY":121.66645705521472},"North Kaladim":{"zoom":0.36349693251533743,"panX":120.19492331288343,"panY":272.53222392638037},"Butcherblock Mountains":{"zoom":0.038374352331606215,"panX":217.59018782383419,"panY":141.14783031088083}}}